CHR,SNP,BP,A1,F_A,F_U,A2,CHISQ,P,OR,GENE,VARIANT_TYPE,p_BH,p_bonferroni
7,rs1800130,117642590,G,0.01875,0.1079,A,28.68,8.55e-08,0.158,CFTR,synonymous_variant,1.881e-06,1.881e-06
7,rs34830471,117606603,C,0.01042,0.04317,G,8.612,0.00334,0.2333,CFTR,intron_variant,0.03674,0.07348
7,rs1800136,117667054,A,0.1468,0.2185,G,6.164,0.01303,0.6154,CFTR,synonymous_variant,0.0955533333333333,0.28666
7,rs1800502,117535451,G,0.025,0.05396,A,4.297,0.03818,0.4496,CFTR,intron_variant,0.15543,0.83996
7,.,117653018,C,0.02292,0.003597,T,4.217,0.04002,6.497,CFTR,intron_variant,0.15543,0.88044
7,rs1800503,117536684,T,0.04375,0.07914,C,4.12,0.04239,0.5324,CFTR,intron_variant,0.15543,0.93258
7,rs1800501,117480087,C,0.02301,0.02518,G,0.03552,0.8505,0.9119,CFTR,5_prime_UTR_variant,0.93555,1
7,rs1800078,117531038,C,0.01042,0.01079,T,0.002367,0.9612,0.9649,CFTR,missense_variant,0.9625,1
7,.,117535221,C,0.0125,0.007194,T,0.4746,0.4909,1.747,CFTR,intron_variant,0.719986666666667,1
7,.,117535470,C,0.01458,0.01079,T,0.1944,0.6592,1.357,CFTR,intron_variant,0.827688888888889,1
7,rs213950,117559479,G,0.4688,0.4281,A,1.176,0.2782,1.179,CFTR,synonymous_variant,0.510033333333333,1
7,rs1800094,117559652,G,0.008333,0.01799,A,1.398,0.2371,0.4588,CFTR,synonymous_variant,0.497,1
7,.,117592546,G,0.01458,0.003597,A,2.035,0.1537,4.099,CFTR,synonymous_variant,0.375711111111111,1
7,.,117594969,G,0.01667,0.003597,A,2.563,0.1094,4.695,CFTR,missense_variant,0.3256,1
7,rs1042077,117595001,G,0.475,0.4317,T,1.332,0.2485,1.191,CFTR,synonymous_variant,0.497,1
7,rs139379077,117602811,G,0.01046,0.02518,C,2.438,0.1184,0.4092,CFTR,intron_variant,0.3256,1
7,.,117603711,G,0.0105,0.01087,A,0.002216,0.9625,0.966,CFTR,missense_variant,0.9625,1
7,.,117603803,G,0.01042,0.01439,A,0.2367,0.6266,0.7211,CFTR,intron_variant,0.827688888888889,1
7,rs35050470,117606582,A,0.1088,0.1187,G,0.1733,0.6772,0.9062,CFTR,intron_variant,0.827688888888889,1
7,.,117611817,G,0.008333,0.01439,A,0.6181,0.4318,0.5756,CFTR,intron_variant,0.678542857142857,1
7,.,117665590,G,0.04583,0.05036,A,0.07973,0.7777,0.9058,CFTR,intron_variant,0.900494736842105,1
7,.,117667063,C,0.01458,0.007194,T,0.8192,0.3654,2.042,CFTR,synonymous_variant,0.618369230769231,1
